ID,Is_Churn
55480787,1
9aededf2,1
a5034a09,1
b3256702,1
dc28adb5,1
5aee459a,1
3e83f7ea,1
ed4dfbd0,1
3911bea6,1
e04eff55,1
b62a943c,1
d499c6ec,1
c5d30bb4,1
3b19437b,1
a860111a,1
1ae50fc2,1
281a10a0,1
563b04e8,1
7e6cf810,1
7cc25f3f,1
aa04e6bb,1
01e998e2,1
5262cdc0,1
44d25d82,1
048f1640,1
b5ff85a7,1
a74523eb,1
bf45935f,1
69d6a36a,1
7eb7aeb6,1
b3723c9b,1
dc40ea28,1
91ef0414,1
3ac65d73,1
eb13cf48,1
338cc540,1
49fde12e,1
97daea88,1
a4b4ec5a,1
5f3b8fd8,1
45e6bace,1
742ab9ff,1
cc0f4f2e,1
c01e78e2,1
680d7d9b,1
a58d3300,1
35069eef,1
570bdf6e,1
e3341678,1
3eae1a7f,1
b7a4443e,1
78761714,1
5cc25e6b,1
36ccaeb2,1
a926dd29,1
2a26ead3,1
871d793a,1
a63a4e2a,1
78316037,1
c5fbf1e4,1
b0a93cd1,1
cdaffc4c,1
77fd0cb3,1
5b95d186,1
ddc9cdff,1
60ccfec4,1
b00b938a,1
ddb828a1,1
07659c28,1
10ac8f97,1
00ae893e,1
e897d5d7,1
5df7316e,1
9d1e4c98,1
f70ccc5c,1
dc9aff81,1
e1f3ed67,1
4db28015,1
ecbed9bd,1
28fb4d18,1
15f59e38,1
32069de4,1
fbabae0d,1
85bcd1eb,1
53056dd0,1
46e79647,1
ebf0b4d3,1
122d902b,1
8f9d4e4c,1
7faf8697,1
fd5c422b,1
cb244803,1
c2cbdf33,1
a2ecc1c3,1
442dcfd4,1
ab7748c0,1
a6b1fca6,1
d19105ad,1
703ec965,1
c73a5950,1
c4ee9d86,1
a75ced68,1
bbbc264d,1
f7864845,1
768110cb,1
fbc17cae,1
7bcd84fb,1
997816ab,1
66fa57b7,1
bba2d3fb,1
00bcf12d,1
83d4a9ec,1
9dfcf46a,1
732b9b2d,1
6d02a241,1
ae9cacea,1
c67e9bc4,1
6866f4cd,1
1c0bb452,1
e961e67a,1
92dac76e,1
98993390,1
1d69dbb7,1
1ce25bae,1
d86b4268,1
33010d65,1
45bde3e4,1
7d09a529,1
60da5057,1
d9bafa5b,1
d5c58e4a,1
531e5784,1
b7cf078e,1
531c6124,1
4820fd2d,1
44eff957,1
42837f1c,1
da0000c0,1
bffd2ccb,1
a86bbd79,1
399a8a8b,1
6eed985d,1
da1f1a5a,1
9a99b791,1
5f352bfc,1
b58359ee,1
d7acac75,1
4c2d7683,1
f7b7203b,1
13f6a5aa,1
36ef9f25,1
dc3aa431,1
99cd9ecd,1
41eb9416,1
c9a7f79d,1
1a200ccb,1
8a13b1e3,1
a860509e,1
77201a8b,1
cfa5064a,1
00425d7c,1
8f1b4d90,1
8c6f7212,1
1ab5847b,1
b5c7b886,1
979a34f5,1
07c09e4a,1
a5d27ef9,1
a0cbf5aa,1
7e540bf7,1
30d9caaa,1
f112523a,1
fd4863f9,1
1dd25f1e,1
ed286473,1
b2eaa56f,1
394fe42d,1
efb0bf8c,1
89daefe9,1
18bca543,1
6ff78f0f,1
fda001c3,1
678d2402,1
74621fa3,1
06d8c1dc,1
983bf019,1
03cb62aa,1
794d0916,1
53b567a7,1
f0b31acc,1
856bf9ea,1
e04fa5f5,1
3d98a593,1
d2157ee3,1
38de13e7,1
13bd6538,1
f86cfa0d,1
908c2a29,1
3e35d6f3,1
07279679,1
ff031fc0,1
32355db1,1
956c775c,1
bf16ab7e,1
b1b6decb,1
984f2294,1
f6b3bd31,1
3f2299b6,1
bf5f3a8c,1
4f0001a0,1
5fcdc4c6,1
6c3628a8,1
55069720,1
7d366b8a,1
395ff2d1,1
c8673bcc,1
a4781b92,1
8030168f,1
67522b87,1
fd27d20d,1
3cbeba17,1
bc708164,1
2692391a,1
8699ff93,1
afa16069,1
ccd814f3,1
bb4fe051,1
02c75bc4,1
a3601219,1
dd4bc514,1
8736d45f,1
fc769e68,1
4a104456,1
cf3b5060,1
04186d5f,1
540a84f1,1
36709660,1
d678b20e,1
5a0500c5,1
322e2439,1
740e6798,1
22abb327,1
b0263332,1
47ca10de,1
e25aad41,1
a9161175,1
314c6a82,1
bf6ae417,1
1b2213f5,1
c406b87f,1
a113b192,1
8755840f,1
2a9d4d81,1
e2efde5d,1
ab89b83b,1
f9191e99,1
0715af2e,1
f2cc8b2b,1
4cbd9368,1
5d11504c,1
b39a4cc3,1
5443d368,1
5a7dc136,1
92a28d2c,1
07a96e22,1
695f113c,1
f3b6f709,1
3de03783,1
627a6c92,1
0ac47e53,1
b20def6b,1
1128e3ee,1
beaa6c1b,1
2b14bf22,1
21dd65a0,1
0db7bdfc,1
d48c76b2,1
29bdba0b,1
53c578d3,1
43ad497e,1
cde8b1fa,1
81eec554,1
059e074d,1
da1922cf,1
980e04fe,1
5a534964,1
ddcd0f91,1
8a4cebe0,1
ef0bfb56,1
a163457d,1
28f944fb,1
bbc9778c,1
85179dbb,1
14e048d6,1
68195070,1
c130a49b,1
8d7b6ebe,1
d63c06ef,1
5f661ce4,1
99911292,1
0d98108b,1
12aaf8ee,1
da7479f3,1
f9213316,1
03b6b6c8,1
338b9f10,1
0f31daf7,1
232301fa,1
1d913e32,1
f1fce970,1
35be5ffa,1
6e86b90e,1
a0372749,1
dff8340c,1
4f7a67fa,1
0b0506d0,1
9e07e4db,1
9519a04b,1
11c1451d,1
8b999a19,1
0492913c,1
34c37698,1
2b0859d2,1
95734772,1
97d58245,1
2bbfd30c,1
fc5546bb,1
9ce54cbf,1
ce9b452d,1
5c5bbeca,1
b92ff528,1
e147dc0f,1
14634fea,1
f7550370,1
e6d16391,1
a056fb00,1
4692707d,1
9708e1a4,1
3c8884ad,1
70067125,1
3996afd4,1
b8654f10,1
bf3f68d3,1
d3c8bea3,1
1da2c5c9,1
7fe81e90,1
8331fd8b,1
fbb4113d,1
1c45330d,1
ef26e3da,1
920f7fa4,1
71f63015,1
02c80e84,1
b6104cc2,1
5404aad5,1
20d0b5b7,1
0a89e11e,1
292128c5,1
dc28f080,1
4acf899b,1
2a2d8ea0,1
3b4e4359,1
f7bf815b,1
49954913,1
5b976a28,1
d6ddd85f,1
ec2243e4,1
ba16f35e,1
1aa75c24,1
500aa6d1,1
aff01f11,1
b013f36b,1
e1ccf243,1
33a3f928,1
3d89daee,1
9f71dd86,1
008df99c,1
df6cb0c3,1
f0efe33d,1
7f298695,1
9db43d6b,1
07dbfcad,1
2b2e7a2f,1
d6d36788,1
928edfc2,1
3d67a318,1
0fd0a1d4,1
df5c19bf,1
fca5473e,1
8799bcb2,1
3bae00a0,1
7e568782,1
69684453,1
fe765d23,1
cba70261,1
16104f39,1
9016024e,1
d54b0712,1
323cd956,1
35ed30cf,1
5d56d0c2,1
b1fccc34,1
82134b54,1
8b645821,1
20b0f856,1
4325c742,1
e032c3f9,1
f5911709,1
de5dc3db,1
b1651623,1
72814460,1
efa69718,1
5e55bd6c,1
fdcfcf40,1
f392f2a8,1
d59259fe,1
f84f31be,1
64042c81,1
75a48df0,1
f16dd91a,1
c4bd5108,1
65fae6ea,1
f46136ac,1
be8393e1,1
d3d19846,1
8e6f56f6,1
81b34bae,1
5560c8e5,1
8101b81a,1
895cfc55,1
c733dc30,1
08f8ab9a,1
80429430,1
ae601d9f,1
559fd593,1
16952bb9,1
6ce4c04f,1
f0d2866e,1
5a28f65a,1
9a019bd0,1
9b7e94b7,1
e7ee38e1,1
e3698154,1
8b351355,1
1549b131,1
858ff6ba,1
b21dd1e0,1
c3e395d3,1
9073c91e,1
7f6c1418,1
ba7e1f90,1
98660c72,1
58633001,1
888511c9,1
34c0b76f,1
74b6d58f,1
436b6695,1
a95baa7d,1
4d415a32,1
a1bf9ecf,1
cebcfba8,1
12abf9f1,1
9c82d094,1
5ee64e7e,1
4e407a74,1
e2b1d455,1
95a75f40,1
6620bfb1,1
0c3833a3,1
877a9ceb,1
5a17852f,1
eed2c1df,1
676a6eff,1
5ce83a53,1
e898f054,1
9639b866,1
ee7d49ed,1
9c99104e,1
e3b2a1ae,1
1b0a7c78,1
ef68d3dc,1
012a24be,1
192ec775,1
a3bf4212,1
0bca562d,1
8c3f6050,1
36c72c04,1
7d1768d9,1
e290c3b5,1
da9f768c,1
1fc1c810,1
cf251c34,1
409542ff,1
6a603b34,1
cba23496,1
056baf3e,1
d3cd3857,1
327bd7b3,1
dc901131,1
ef831273,1
832a17cd,1
26682de5,1
6a832b3f,1
f5171b0c,1
7ee37aca,1
3dd61cf7,1
b18ae20f,1
a18f8b56,1
4b256c97,1
b2b0d416,1
6b81d78b,1
679e8d02,1
f33782ec,1
a0aa4977,1
06346b4b,1
abab48ef,1
83eec30b,1
7e6f1703,1
cd96d4b5,1
f4ef429d,1
1ac72c36,1
875626f6,1
ae9a62e4,1
4cfcfaeb,1
feb98159,1
500e58fb,1
df561afd,1
364e21b4,1
fafca939,1
24a77f09,1
280e95b1,1
54165f5a,1
51bdb32d,1
36e11a09,1
578b147a,1
8730bab6,1
ef323d63,1
53cea69d,1
4fc81cee,1
eac9fc93,1
3196554f,1
03f8a685,1
55a75d3b,1
740724fa,1
515eff74,1
8d9d148d,1
88c55669,1
230f7b0c,1
edda2f9c,1
0580e6de,1
8e836ec3,1
543af342,1
f068b334,1
42c08a82,1
fc169035,1
9d38c2e2,1
5fa96e30,1
b43f755e,1
e56ffe76,1
33377dc9,1
b6745229,1
2e877edc,1
4864585a,1
62bc5447,1
fbb8b7f5,1
2c09d863,1
ab172eb5,1
1d2dddb7,1
8716f944,1
cb3e59a6,1
501ff833,1
3f4e94c6,1
6a55f460,1
787ba782,1
45a74c6d,1
c309a53a,1
bd5b8c68,1
58708bf4,1
2ad98c9d,1
4d48667a,1
70e676e7,1
a215b66a,1
dd657db9,1
5b747793,1
0a2bcc83,1
0cd92c04,1
3148142d,1
07d406c9,1
acbd9724,1
e03fc200,1
971d7568,1
40a7822a,1
7a571265,1
50f5cfaf,1
0902735e,1
be0f5624,1
f5320c1c,1
18cfaed3,1
9fc3175e,1
03c6e607,1
9fe672f8,1
95a74f70,1
e643a811,1
4f57be54,1
f7b22baa,1
3aac9e2d,1
2505aee0,1
1e983def,1
431a082e,1
99818132,1
852188c7,1
e9a81ae3,1
2669d52f,1
16ed835b,1
ec16f766,1
4f443978,1
4ee7301f,1
97c5b9a3,1
a3c261ab,1
a36d363e,1
63734e86,1
754d4e20,1
dc718b60,1
9d1882ed,1
b5d91600,1
1ff95856,1
cb945d93,1
8823027c,1
fbee08b7,1
0b442086,1
dcfaf52c,1
af768331,1
2e5ffc56,1
e4bdf80c,1
2bccf5a5,1
43541907,1
43f46311,1
4dfafbd1,1
c3900d26,1
3842149a,1
5d47b64d,1
7754cc59,1
44a1dd46,1
4dc8a79b,1
d2b96206,1
0eb167e5,1
dcf0ea03,1
5f697594,1
49ecd0b4,1
e0c7dab5,1
da3864a2,1
b83355f1,1
d62c4822,1
147ea697,1
6ba34e8b,1
2807509e,1
70d43296,1
d930fe31,1
4da1c130,1
88681fe5,1
54189efb,1
449dbb12,1
48c37329,1
b7a0e383,1
4b931b8e,1
a1eda54b,1
e7d65bc1,1
86f6a38e,1
01848030,1
2d40ae2a,1
57a72e33,1
9f3673ff,1
15f1e4e2,1
98f23759,1
5bad5123,1
ddd7f062,1
34ae38f6,1
c0b85665,1
d8f6a745,1
e4b3de6a,1
8fb728b3,1
5d252397,1
570e57bb,1
0fef14a3,1
ae23ddc5,1
80ea9384,1
bf930873,1
5255e028,1
f12b9eb5,1
92164ea0,1
75b6d202,1
4d1e90aa,1
e11ec622,1
c68129ba,1
88e586b0,1
09a83fe0,1
b16ed8ec,1
99ede399,1
ac4fee9e,1
24072f4a,1
56d3e5e1,1
6fa851df,1
da2e36de,1
cee809bd,1
947f5d22,1
e063b7c5,1
07c632ed,1
e8ff9b78,1
4e34cfe0,1
db39211d,1
655ffeee,1
6e6bcb87,1
0bef46f8,1
70ce6258,1
7203dc88,1
3f1e48de,1
82e6d5cd,1
e6f8ce00,1
0c052ace,1
47def0a3,1
5a3c194c,1
7ea541aa,1
96bee1ca,1
85c9f43e,1
ebae3f65,1
87da1f9f,1
b97801a5,1
7e1162f1,1
d3d932de,1
59a4f0a6,1
e39c5112,1
833009f2,1
97f78567,1
588c6744,1
3d378eff,1
b4b32a8a,1
d48cfd0a,1
21e7e0fa,1
ceda89bc,1
2a8588cc,1
2ca98bd8,1
c3707840,1
e2fa9864,1
473cde7d,1
363b2fa9,1
7faaecd0,1
e33315e8,1
1d8badb6,1
33369b33,1
db733845,1
b8317ff7,1
07df5352,1
915945e7,1
52e40f1d,1
62ea3de1,1
f8aff47e,1
c7ecba0c,1
6702fe3a,1
904d4faf,1
316a3620,1
9dd40e10,1
1d468ee4,1
89d8a87d,1
6eaa5927,1
87ae1a2b,1
e8cd38da,1
6677c05b,1
2307cbc2,1
e763d613,1
e7001c50,1
b9306031,1
28768fe0,1
e95b54f1,1
02d7faa8,1
c1042be4,1
f1be6170,1
5bf21fea,1
72974cc3,1
64fee72e,1
996b7a17,1
4b712e47,1
0eb16446,1
2b0301cf,1
cedf0325,1
5454d6a4,1
111c60f7,1
5ae17160,1
f78d0dc2,1
3bcc38eb,1
d5ae74c3,1
957c2b3a,1
c5e0d644,1
602b1ff3,1
d49037bb,1
c1099a72,1
2df9ecff,1
a3a1dc7e,1
6f29aef0,1
ca70ce0f,1
54853e6f,1
64181025,1
3112e324,1
8a8d7e7f,1
8828301c,1
6b56d8c8,1
0325cbe7,1
e6884a14,1
d3aaa200,1
e7434118,1
3fd5ba00,1
42a440eb,1
39d4a697,1
7b0e45ee,1
2258deb8,1
58e2ef6e,1
23f9fa44,1
34c4fd76,1
8bbced0f,1
55ec5226,1
d4c351b9,1
c0578851,1
1a9bc965,1
8550f825,1
c2e7c752,1
9d28d480,1
0dfaa8d4,1
929c038c,1
7d0fac7c,1
bb5c612b,1
43333f62,1
a33c27dd,1
062f3ca8,1
a3711572,1
cdfded09,1
5dbae990,1
77f0cc8e,1
5a362809,1
7b724854,1
beef0c93,1
6b723403,1
88182d37,1
15bade0d,1
a2182a11,1
e2290d0a,1
c5ae4412,1
8e5dd4f8,1
ae0f4f7f,1
60ba8b45,1
5a87bfe2,1
81a9fabe,1
f1081560,1
c3681e22,1
e537de94,1
f1653091,1
5b99f7f9,1
ce8c5236,1
0d006a94,1
fc9ea6d5,1
856db8f6,1
80cdc278,1
140f3eee,1
34aaf8e1,1
21aa738d,1
9a02d701,1
da1aeb19,1
7b3e36c4,1
b7df151e,1
bd68c872,1
df15eb35,1
09c65468,1
45c83bfc,1
5ff5df6e,1
f53b077b,1
7435c84b,1
32ec4f97,1
ef5f6914,1
5304f1d1,1
9934f1e1,1
7f42e8dd,1
14ec7b67,1
70dfe792,1
09caf007,1
6ea73e7f,1
ece3741b,1
1608dcbe,1
317164a1,1
dfa26106,1
c6ff2b55,1
c581ab30,1
ed8f2162,1
170c3437,1
3024d246,1
68e7b167,1
adecddc1,1
50fa2b4f,1
475a2150,1
6f3c5be9,1
9f661a59,1
c830d911,1
299df8a6,1
6c0c6427,1
91c87868,1
22891af8,1
c9d3b0e5,1
c23332c7,1
9496e089,1
735c1952,1
313d2e9a,1
cadaf65c,1
87f77f1c,1
772b34c5,1
b4638450,1
3aa169e5,1
3d5d8765,1
02731edb,1
3c20df4e,1
7dfbceff,1
e0e28ece,1
fae3a658,1
8975d85d,1
49848ba8,1
e64921a3,1
c5a37c0e,1
de0264e5,1
44443e2b,1
a50d23a9,1
aa703bd8,1
5d74f923,1
824e5077,1
d7c6091a,1
29c07a0a,1
58c5db11,1
57186700,1
6060c5c9,1
1c03b111,1
10a171f9,1
4dd9abed,1
8594edb2,1
b4787c42,1
fdb95daf,1
e80426e4,1
811a08b3,1
89e860ce,1
55320b08,1
9728f278,1
6e559348,1
2152cc40,1
96a1c6d2,1
f7486220,1
6e34e164,1
b71b68c3,1
11d7280d,1
4f10be90,1
db5fbcbf,1
aa05669b,1
00f3c200,1
1f3e84d0,1
4360ecf2,1
fbfde74d,1
b887d4cd,1
549b531c,1
88dc0273,1
de7eb8bc,1
c726c2ba,1
3cde7d93,1
2f278dc7,1
ee47fc09,1
2cc81b19,1
4226250c,1
e7b70d62,1
a6bfe463,1
b4c5a268,1
ead68c24,1
c1e5eeef,1
fc251491,1
d468a4f8,1
5566ec45,1
1bf7877b,1
0d3c3553,1
bc0f3cb5,1
cbeb2f89,1
9edccf9f,1
d65f302e,1
900445b9,1
10fdaae4,1
3735270c,1
500fda8a,1
224e58b9,1
e1173cfb,1
12d6f347,1
ca157645,1
92eb97eb,1
782188d7,1
13f21546,1
fdce0d82,1
dce8c520,1
b4dfca34,1
95f4ccad,1
90c066ed,1
37f36903,1
4143430d,1
221dadec,1
31f039f2,1
f4fbeac5,1
1727c96d,1
b9909b09,1
b53345dd,1
21097902,1
dfda324b,1
5e7bcb09,1
89eece1b,1
e5cbf469,1
dccf0a84,1
6f5355f9,1
f44111aa,1
7f64634e,1
34df305d,1
24399b17,1
af640f5f,1
564813f5,1
7dcbd55c,1
2573046b,1
3b9be43a,1
259742d8,1
c313d105,1
fd4908fe,1
3706daa1,1
da849d1a,1
7e9341f3,1
6b691e36,1
fab8dbf9,1
16ce2042,1
20571900,1
1782f5fa,1
74095522,1
1ec36264,1
29665b02,1
db27f27a,1
c1231a83,1
43dc9cff,1
7008f341,1
82b70dec,1
b6718983,1
2f162f5e,1
f1e035ee,1
6fe3426f,1
fb3ebfb9,1
650bbadb,1
7042efac,1
8a300ee9,1
be7203b6,1
8a2116fd,1
108c8394,1
f6f27926,1
e7d251a7,1
4124da70,1
30f1a4b9,1
9e705cb7,1
9cf01cb5,1
1be03148,1
3dffe3ee,1
8a2aab5d,1
497e5a11,1
7f263dd6,1
09e7de7c,1
cc265f35,1
f29f1861,1
5a5ceac8,1
75760b94,1
cc4d719d,1
2928bdfe,1
b21f327b,1
a05f8d9e,1
0ef03e5e,1
b2bea6cb,1
1a5cf84d,1
0d4d305c,1
1211d535,1
cda6571e,1
bcc145af,1
7611b580,1
2906e838,1
db2e5ec7,1
5157279d,1
32604178,1
d3975297,1
b90fe69a,1
4463fc3f,1
0b18e4bf,1
0e3fc101,1
ce627808,1
89d4f4e8,1
cf68395c,1
e2052cf8,1
a327a70a,1
bb0bd7a1,1
a7c298b4,1
deb97f0d,1
41c66f43,1
6ec1eca7,1
5a24e3c4,1
0d92a6a6,1
36f3c7f4,1
55bdd1af,1
647e8d5b,1
13ec9f74,1
f995b3f4,1
9774e478,1
f2f4608a,1
772410aa,1
1bd3737b,1
56261198,1
c15c8cde,1
786d4be0,1
bf81d21f,1
c99c572a,1
b7952485,1
d9a5f5ec,1
b9a81a1f,1
efa3d61f,1
55fbcb08,1
8eaa2c48,1
07b8032c,1
78a40851,1
534071b4,1
4b9fc141,1
43381aa1,1
d0ea860f,1
73f5d1f7,1
e3f21215,1
03483c26,1
9ca05cea,1
13e6d81c,1
174a56ef,1
ec134df7,1
4246acd6,1
fc331252,1
380ba768,1
83daf359,1
6ae48644,1
e7b438b2,1
2a549d1e,1
bc1d3606,1
3fccca0a,1
9ed42324,1
87973537,1
49f3a91f,1
745b9d7e,1
e0c76069,1
6ae4b9de,1
917fdafc,1
94e095d7,1
9abaff4e,1
0ded3b7e,1
ce09374a,1
46952f68,1
b21714f7,1
9f42246a,1
787718fc,1
5c0b9fc0,1
1fb4bf14,1
ef453ab9,1
9e0cfc94,1
f2148bdc,1
e5a984ec,1
45d2af84,1
c7c38558,1
29370d9c,1
0e7b3b92,1
5eab4944,1
7ba7fc65,1
ae62ed7a,1
48058e23,1
221b6b7f,1
f1409ab5,1
ec09be30,1
b3bfe7b2,1
520e7adb,1
b2c3ee5d,1
88a2411c,1
21c599a4,1
dca04cf2,1
b55db490,1
c870c930,1
59eb341d,1
402d6678,1
58118ad5,1
243592db,1
30140676,1
c2e0a130,1
56b45230,1
034e478f,1
b870b4e5,1
a0986924,1
20af8138,1
0b25f5b0,1
6e96dcbd,1
ff514d19,1
66a6647a,1
8e502c63,1
36014654,1
5548df89,1
542af5bb,1
80529ef0,1
27044db9,1
109e6f47,1
193644b1,1
d821a174,1
b3f91591,1
74f12a14,1
a1643f31,1
a0bb575a,1
96435c45,1
d4c4d6e3,1
49ec48ee,1
da908f41,1
1aecaf78,1
78f751db,1
ffacfbf7,1
507508a9,1
08a98724,1
2634f1a4,1
4249dd51,1
479f3a7d,1
93427ac7,1
645a0d43,1
2876189a,1
3f46a297,1
fdb15ee0,1
0c090919,1
af04bf82,1
28e710fc,1
900d688b,1
44f4d45f,1
1d31e7d4,1
7f25f8ca,1
99c4c594,1
19302fb9,1
ace2cebf,1
64aeaa00,1
d2562a87,1
4890ce6a,1
5add4dd4,1
5380c8c0,1
4621114e,1
b7cdb719,1
57229cfb,1
b0a224dc,1
b8a17144,1
1d7b28a2,1
d2e0eb7d,1
466d0f7e,1
5698f6f8,1
6f0a849e,1
0446c7a4,1
3585303b,1
1dc199b2,1
e06dcf16,1
06c82e6c,1
d804c0fc,1
5c57336c,1
72390b95,1
0f382e6e,1
d392a858,1
deced209,1
7b9c8f93,1
584e72b0,1
83fd3aa5,1
635f8d9b,1
aba98c21,1
228a53dc,1
37d205c1,1
bf1409ab,1
60128948,1
919c4a9a,1
5af0d906,1
9da8df97,1
09f3c05e,1
640ba45e,1
8db25a9b,1
69908117,1
a9cf7ac9,1
21a62487,1
055a27d3,1
5dc5d664,1
94921e27,1
7b5295f5,1
2e1f92ea,1
1f89a0c6,1
2a955247,1
d2fc521b,1
b3dde06c,1
ac6417a2,1
c0292f78,1
eacffa92,1
7cb93f7b,1
bc9c53c1,1
7bf96524,1
029a67e5,1
f93f84e6,1
dc45c1ed,1
3357bd10,1
c717c137,1
2688bb00,1
a6ab5f00,1
99f787ca,1
c007ce2c,1
1241b9f8,1
6a70ae38,1
75c31f72,1
57e0d3e8,1
0c69e220,1
7bc7ae23,1
b2a6d05a,1
1556acbf,1
b48b654f,1
0ee4f8ad,1
4b3c85a3,1
28f1dfea,1
814f2e91,1
d5c2aa99,1
775933f7,1
ab43d757,1
25dd37b1,1
e96ad744,1
2c588bd1,1
cf92576e,1
dc50363c,1
6ef91183,1
a938bb71,1
3061f029,1
760d5821,1
bd8bd5b7,1
86ee0626,1
3608c141,1
d673b2f3,1
e288be51,1
2c695528,1
2c999f60,1
570969d7,1
5f3a914a,1
168a7c3b,1
895ec721,1
02bff56a,1
dc20dfe2,1
e24f5f9a,1
afd43346,1
382da4f8,1
b331758f,1
4a2ba31f,1
303b4a65,1
836f11bc,1
d844a226,1
2faccfaf,1
05e2026f,1
d1cfbff0,1
115fb58a,1
b655a293,1
93bc677c,1
dba7daee,1
c7176d65,1
21edfe9f,1
d6a90ad9,1
a054354e,1
5f0ebe98,1
ca6a8b53,1
6b565838,1
fd33d303,1
f06d2a6d,1
fb1b0ac6,1
61991782,1
aa74a173,1
f327ee5a,1
94e70dda,1
fc5c9f64,1
01ae2a89,1
03215ab4,1
9dee5cb4,1
30447468,1
8215143c,1
57d81438,1
4b55d138,1
7782d429,1
1349652a,1
fd966f20,1
97adc2c7,1
dcbd06c7,1
fb787141,1
626bbf5e,1
a7621fc5,1
14dd672e,1
2a7d8437,1
4b2a291c,1
37907f5c,1
ed988b0d,1
84a4441c,1
b678d00e,1
a3f4354e,1
167e9736,1
e35b0cbf,1
83f9dfe9,1
94592e5d,1
ede9632b,1
1b765233,1
4cd8ca07,1
f7ce7564,1
0b6175a1,1
2a622643,1
9a827115,1
34ef3f47,1
65fb2ab9,1
1159e2ad,1
7ba5d51a,1
0d08406c,1
469c2525,1
bfc026b8,1
abfb8144,1
4ac38249,1
2ba988f7,1
a8f6c5a3,1
47e565b2,1
b805b177,1
bddca70c,1
41de2bf7,1
4eb92fe9,1
d9bf332a,1
074b1d75,1
fe1b2bb6,1
cac3d537,1
a794842c,1
1acec006,1
2a909562,1
4e22844f,1
2982226e,1
01b1d2d0,1
29e911bf,1
5bb13987,1
dd130cf7,1
c6cffd90,1
b078a80d,1
d8439bf4,1
5bab1764,1
53b6b266,1
6ef7090c,1
752ef108,1
19d332f4,1
058e6fd7,1
a0548243,1
d3c903ea,1
9b25fe41,1
f44d433d,1
ba6bb95a,1
d2342a30,1
291a4bc1,1
ee91183b,1
d7862bd3,1
3bf98790,1
c1a20b17,1
496dd975,1
2879d4fe,1
e4424244,1
7365f26f,1
89c41b64,1
441bf67f,1
c7629ca5,1
e87a5965,1
bf519258,1
5aadc2e9,1
debc7639,1
1bcd4c64,1
c6c51100,1
e49b7968,1
bf52e138,1
fa7b443a,1
36e7346c,1
1d01ebb3,1
54d7373a,1
3cdf61f5,1
3a60809c,1
793e3533,1
28bfc63a,1
6bc7abad,1
b155c1e8,1
45c4f837,1
b58db494,1
33c7913b,1
1d17715a,1
a6a47c8d,1
2770520b,1
2b9d3be3,1
1c685187,1
56c0e066,1
113ddaa7,1
9870b613,1
30a5253d,1
ce831efd,1
bf8dac41,1
9a419985,1
41e45b75,1
d9ceaa8f,1
45346bec,1
094ea377,1
073f6b05,1
b2300d6e,1
e6d00f22,1
1a391f22,1
9aee496e,1
ded16e6c,1
25b87f1f,1
38d09552,1
dbd647bc,1
5acd55be,1
2a84183c,1
f01e6667,1
e513e8df,1
5b181c23,1
477f9d3c,1
5d130740,1
3e5c86e4,1
1acb5cb1,1
8354f6e5,1
43dba57e,1
1b66e260,1
4fcd3a49,1
a4696514,1
67fff4f7,1
33e8a9f3,1
8877bb02,1
1755984c,1
b48f3ee8,1
86adf26f,1
53a66d1e,1
b12ac320,1
6aa483ea,1
38f100f0,1
d198eaf7,1
96630e2e,1
d32243e1,1
b9dee1a5,1
999a6be8,1
265d46d7,1
f0366848,1
e0d2468c,1
3b82fdcf,1
de336e00,1
5da48a2d,1
674c8931,1
2b3cf547,1
64b19545,1
bb44e503,1
8b9c4af2,1
096f0fb0,1
7b778652,1
a3e2aebf,1
9ba3a979,1
5dd395b7,1
981f06dc,1
2f366286,1
bb9e8eb7,1
da9c252f,1
a3893be6,1
5b257372,1
0389fba6,1
808c3a5f,1
4f7babd9,1
f453abdb,1
5ac9acd8,1
d0658edf,1
274c02d5,1
58a6f874,1
c6dc9223,1
67fd26c4,1
bc66ddf8,1
667ee6d1,1
083551ca,1
af40f000,1
7d2a4040,1
e5356ff7,1
824656e5,1
66b79b8a,1
19422b05,1
b627344a,1
74e79491,1
a638dacc,1
2f9c8e30,1
ce93f8f1,1
928d7d80,1
c2e4c5e4,1
2cd6f849,1
a1512e71,1
14530138,1
8b16a41f,1
e0ca4ecb,1
0e40db01,1
9a2961e3,1
10848b4a,1
0be9e41b,1
d6b08236,1
8580578a,1
f713ced1,1
578090ae,1
f342f442,1
41dfbe8e,1
6579a9d4,1
77404b2b,1
868b5ab2,1
3803c255,1
61353c51,1
7f7dbee1,1
ada80c1f,1
cc3c8820,1
800c9623,1
8869a50f,1
780a9480,1
8ec97691,1
7034cda5,1
e80d6880,1
dac08d41,1
ab175aff,1
7708e03a,1
7a6d5dc4,1
1c24122d,1
39fbd4bd,1
7a56c1b5,1
0cb79dd9,1
e33f4df3,1
0dee8b3e,1
4c79b58e,1
d1f5bea6,1
54f25b36,1
69cde067,1
802d352a,1
494291b3,1
b2433835,1
fc8323a3,1
692791fc,1
1e9fb054,1
16c423e7,1
8c38f0a6,1
d897577a,1
1a85f722,1
d951b77b,1
11c6c215,1
cecfcf43,1
ce808668,1
5b4ea2d8,1
ebed19fb,1
d47b5ac3,1
379b629d,1
a11f3cf9,1
783e22b9,1
34b7f3c3,1
434aa270,1
2376c1dc,1
d9fb7261,1
395ee77f,1
a58690d3,1
5e711dad,1
981ab877,1
ff62303f,1
49993050,1
59c185fc,1
56fc0f8b,1
4322f8c8,1
57d90415,1
7c358f1a,1
3931c73b,1
62eeab3e,1
7371f400,1
1625e939,1
9f9193e0,1
6b004130,1
28ed7361,1
1311f8d9,1
e9bd3f12,1
63ce6cbb,1
fc26c3d9,1
6a47092b,1
ddb3bb73,1
c523bc1a,1
0b7c15d9,1
669d116c,1
0abab6ec,1
12097a01,1
c092efe2,1
f7d2adda,1
3ec9709f,1
b7e0e13e,1
59ed03a5,1
831cc95d,1
3652a82d,1
d33b1242,1
9479db2d,1
b9de7431,1
ede4d20c,1
70e2c963,1
dbb08925,1
8d6a398f,1
af59c1eb,1
d25b0f96,1
fd3c5aa3,1
9f72d50c,1
10c80169,1
9110b491,1
a5c80154,1
05d0107f,1
9fd4e9ca,1
63e6a610,1
d91b17fc,1
37a3e165,1
89dc797d,1
7e10f9b1,1
2abbf550,1
92cce1b4,1
1734e5ad,1
5fd5df53,1
033b6146,1
6b117669,1
ef9d713a,1
8bc01a90,1
94f0958b,1
894b8aab,1
43f1f8dc,1
6cc490ce,1
b4f8fd04,1
f66f84f7,1
5ed4de9b,1
5312c3d3,1
9ccd6cd4,1
60b2cc17,1
4a734dfe,1
9fef2c55,1
caf99976,1
4cbeba30,1
a260c079,1
d34d8f18,1
2a59afc5,1
2350524d,1
6850b1fd,1
b56dc557,1
0fe330c1,1
350c3881,1
2385da1f,1
92507d7d,1
50e7bc67,1
a9434ed6,1
0aff7eae,1
daafe320,1
d6850386,1
cc3daa12,1
56429b02,1
adba8078,1
e0022650,1
a435487d,1
90731447,1
bc167540,1
58de1cbe,1
2634e7cb,1
ce10b4e7,1
1588bf3f,1
1ef07ac3,1
37bdd01d,1
dca55772,1
902cd27b,1
98e7d3a7,1
3aa358aa,1
2946914f,1
0b7c5cb3,1
4742b5c4,1
9c0bcac4,1
3d23a2e3,1
4015fb46,1
ce8fd851,1
61e4f94a,1
efe0a901,1
1fc8f2be,1
58152c54,1
47b6ab8d,1
0066a002,1
54f57312,1
51801c2c,1
4f64f0d0,1
88f3502f,1
d3f7d180,1
72f8ae06,1
c3e6a720,1
e6fcccfb,1
1e9aa788,1
6ef3f4fb,1
9473187c,1
787b7b4a,1
6155fef1,1
12af4301,1
38ba3f4b,1
6558a761,1
fc605e44,1
174aa953,1
bcfe5308,1
f75900cf,1
3dcd845c,1
ea7a9b3b,1
3bc99271,1
a566574f,1
1e620e88,1
89333613,1
107ddbfa,1
e3e2978c,1
2ebdd20d,1
6e1998e2,1
580856cd,1
91a477ff,1
3fc9aa42,1
d8acdd4e,1
c94d30b1,1
9e81d39f,1
5b02d065,1
b46a32a8,1
6b25ce7b,1
3116890b,1
01b52b43,1
f9114332,1
be429386,1
58affd39,1
1f488321,1
8049403a,1
ffcb221c,1
fab2798f,1
ae47fe6d,1
dfbbf05e,1
d3116b0b,1
421248a7,1
49ba229f,1
5b312b7b,1
c3773d64,1
2a474063,1
2440b0d6,1
b60f4b34,1
ab85e7c5,1
fab7b0f3,1
418e04e2,1
921f1b4e,1
a0a57d37,1
93f7ca5c,1
929961c9,1
5eb92669,1
f6514dd1,1
2c15e1bf,1
44425395,1
8dff7309,1
a2894883,1
c5e9fe05,1
d441b353,1
c0c7afb9,1
51de93d9,1
bd0c247a,1
9193aa74,1
12e839fb,1
b9a49077,1
0a3bab60,1
fdcc7ef2,1
bfb9affe,1
5bcdfefe,1
b1fee235,1
492230a0,1
86205ba4,1
b08dff29,1
cd7e691b,1
df0496db,1
877a7b4a,1
da5d5bb5,1
e8caad85,1
d715678a,1
b54406ce,1
2cb361bd,1
c15c15b6,1
131fa9ad,1
238eade6,1
68468044,1
e1123943,1
be407566,1
386ad49f,1
a771becc,1
102aa54c,1
68775295,1
06721261,1
bab6f8ac,1
0644c2a1,1
3e6d91af,1
c73626b5,1
586ad648,1
588f594a,1
0089044a,1
6ebbff0f,1
b9853b33,1
cbd67ccc,1
09d2fc5f,1
fe7a0bdd,1
a32296b6,1
97aed575,1
e9095da3,1
d24daec7,1
d96f5412,1
f2bcc9dd,1
875355aa,1
be4c6ea5,1
41fcf4d3,1
5846a49a,1
66570b06,1
0fef4093,1
d9512f58,1
a77129cd,1
727c92e2,1
d75bd49d,1
fced170d,1
02b10e72,1
dd83b007,1
daab621a,1
0f46fe34,1
3df17642,1
49cd3efe,1
007af9fc,1
9d20ba67,1
c6d0ca65,1
7abb7fed,1
80fefbde,1
f60de7d0,1
2539bdea,1
0d211bfc,1
381f7f62,1
f032deef,1
5a3c0e37,1
4ce7b55d,1
90558175,1
041e1cdc,1
6affaf32,1
bef4c566,1
da1297aa,1
5239ab09,1
a24b8a9c,1
42d8263d,1
20415298,1
b427b90e,1
88d0b996,1
247ad7aa,1
724af34d,1
5d8a7af8,1
b3bc9c0c,1
cbba337f,1
dda90d12,1
34e4377b,1
454de982,1
e2ed6bc6,1
21e11830,1
2d237e5f,1
4a3e40e5,1
8da0e482,1
18257657,1
32750397,1
27947979,1
8c72ea10,1
c7e3d962,1
a3cdd61f,1
4fa153b2,1
9196be31,1
a76fefdd,1
4f6c1bd5,1
46d4ddde,1
3f584109,1
d6fc9a7c,1
e1fa5fbf,1
5b18f19c,1
1cc65826,1
42ac38ce,1
8facbeba,1
281857b7,1
de40acb1,1
4b179daa,1
594c15c8,1
41695610,1
71a1e73c,1
4c7e3f15,1
c5b1fbcb,1
bc1cbbdf,1
6273ec89,1
e1dad0df,1
4eecc4d0,1
3f13f79f,1
0d4f798f,1
879b9ead,1
80d9fc0c,1
156eebd2,1
c6841a7a,1
100873c6,1
dcc15114,1
65872d4a,1
ca318f56,1
35e72469,1
60f26a37,1
c13ea3fb,1
3ae5496e,1
96b4de95,1
4a311b91,1
d748f491,1
968eaddb,1
03d92b3e,1
d2075a2c,1
1c97c064,1
a22afb87,1
92e2507f,1
75a9bd7d,1
229d7b6a,1
69b6484a,1
1ad70bbd,1
2c9cd7cf,1
ae3de8a7,1
a033038f,1
97fed101,1
f603922c,1
d3a8e204,1
233f12b1,1
28e3a2e4,1
d47ef94a,1
8de0bc8c,1
ea9bb38e,1
7300be62,1
3f31061a,1
5f6c6350,1
45269356,1
e5a8b533,1
8b808b61,1
5c1b1983,1
4d1ae9ee,1
ef44d911,1
21472c35,1
0b4683bb,1
e865f644,1
c1ec2720,1
edc69d24,1
e9312d27,1
b0c0aa85,1
4f4cc27a,1
92c11c8b,1
8c1a8234,1
d8cc8dba,1
e2fdbba7,1
6ad4d4bc,1
bfd3c093,1
7b1857a2,1
b8fecd2a,1
69f83b82,1
cf5a75ee,1
eabe97d9,1
7e3feeac,1
8852de10,1
6f18ebeb,1
e788aa77,1
19233a2c,1
be94ad83,1
fbbee61d,1
e3929468,1
d4d72218,1
10df8198,1
27106b53,1
b26e5e57,1
074b6886,1
00fb9ec3,1
dc41516e,1
70d8dc50,1
41330516,1
52cf8a83,1
b2fcb8c4,1
359075e9,1
bb17b2ea,1
63bc4270,1
4a4d30c9,1
6a94bdc2,1
85ed23a0,1
c0bfbabb,1
3addf330,1
75eca926,1
582212e6,1
4a15654a,1
e1f94152,1
e8161c17,1
9ce5e0a0,1
300ce03a,1
00b431e1,1
daf3d8b8,1
436bc195,1
75d80d6e,1
e50385e8,1
9a7c2380,1
16e09e62,1
032a3b71,1
e8bb3e35,1
4cee1125,1
80cee981,1
603783b1,1
c56211b1,1
51079533,1
43f8b9c7,1
546f0135,1
6ead4fc2,1
4c30f92f,1
c2d7cd1b,1
b27a4a7b,1
09a2412b,1
e27b87eb,1
03a880b7,1
b7c1e245,1
88dab590,1
cdb57f71,1
c3bb707b,1
33ed2902,1
5e5f2f9b,1
3ff9c904,1
1b0d28df,1
57832911,1
ab35dd2c,1
d370fdbf,1
8f008838,1
dc27d751,1
eb5bd6b0,1
a26e2f06,1
7b39c43c,1
6d70e871,1
abf307a8,1
dc10ef9b,1
84b3f2c5,1
2e02dde6,1
dec3d509,1
198d936b,1
b93bcbf9,1
568db786,1
bc2991fa,1
3cb8e64a,1
4f139de0,1
3fbe6302,1
92af1f80,1
bf894685,1
cbfcecb2,1
028dce48,1
866121cd,1
617af98f,1
cc793dba,1
7d8df502,1
555511f0,1
23b44def,1
a3c3247b,1
33185667,1
876c8601,1
e686f73b,1
fd40bbcb,1
86575580,1
14724d47,1
fdaf5056,1
02e115ca,1
d0ace637,1
4e2814d4,1
b09ec851,1
5f797a04,1
8e6c5038,1
fe54dc0d,1
34ad598f,1
59ff4492,1
9073147e,1
59ce5291,1
44757630,1
d1df9179,1
54761705,1
37c63487,1
103239d3,1
01114112,1
c9a0557b,1
09b36e00,1
e1a37d4d,1
d53b0fd4,1
eb4f8faa,1
f40d391b,1
178f0cb8,1
f0650134,1
8fa47217,1
825fc1d3,1
b8354b09,1
26716ac8,1
06ef91ba,1
69abc40f,1
5bee3e15,1
bd6be3e0,1
25346f55,1
259e579c,1
25bcfbae,1
82dd6ba7,1
de50a8fa,1
233bf82e,1
d8574a6a,1
30808bc2,1
3df31792,1
c3adabf2,1
2f7be57e,1
9b0b9b55,1
800bb0de,1
a00863f6,1
6e94f938,1
bc55672f,1
1d9dd177,1
6a91d74b,1
46742355,1
afd6a115,1
2c902c54,1
1903d498,1
754ed148,1
5deda957,1
65d0cc76,1
d1ecc530,1
febc9b1a,1
3214f211,1
70efbb7e,1
c44558e9,1
f1a4bce1,1
d1862b54,1
2aac2610,1
2ceaae37,1
ebddf167,1
f1e3a9f2,1
e6deb97d,1
084fff6a,1
2c6334ae,1
198bc2a8,1
d14cef36,1
4a7b4752,1
92b37f9d,1
d0f1defc,1
4872d06e,1
0c270a7a,1
3a4a0460,1
39d24851,1
4f8d40a5,1
b9daf03d,1
d49e231b,1
acce1184,1
a330b60a,1
978d19c6,1
9302b063,1
c8ac58c7,1
4a29a064,1
6fb2476f,1
03122842,1
ee5193ec,1
9051cc4c,1
c7e581d7,1
f23cf28d,1
d8f0a8af,1
ddca7e99,1
895a720e,1
264f450a,1
c7d2afde,1
87b259d4,1
432d5751,1
477ed4c2,1
4ee7aceb,1
c7777938,1
7ad8ee3a,1
bf99b5b5,1
bed337d2,1
b115b516,1
2c8d4fcd,1
9d83f9de,1
04c56c75,1
5d99e520,1
17e5f9d4,1
10f5e28a,1
171cfd2a,1
6b899651,1
15bbc2d4,1
7cac2cac,1
9c154214,1
81920431,1
1661039c,1
b35a6bca,1
6f955158,1
fac18ef9,1
3e6f3b8f,1
3f6dceae,1
c81cbd85,1
b33b7ea7,1
aa63a553,1
99b484a7,1
8687600d,1
e6de8a00,1
e3aeffae,1
84946126,1
713bf8fc,1
b83ff7ad,1
57f583e7,1
a6c4102e,1
eac84ff5,1
6172e54d,1
1463a018,1
32ab765b,1
cf772921,1
18511d1f,1
be44a92b,1
3da30622,1
fc5ea224,1
4831790e,1
ee2649d5,1
e62aa355,1
8ef357d7,1
349afca9,1
4def6ec7,1
d1bb267f,1
15f72615,1
a5eddadb,1
7810cdde,1
095b52de,1
a0cff7ba,1
53b9f7a0,1
c728687e,1
4cb70418,1
9d52ba71,1
50078293,1
f01aec1b,1
19352e29,1
cc404b94,1
3ff0b003,1
6d2fcef1,1
73698313,1
68be330a,1
a6322eb9,1
f968cbb1,1
a2bc94c7,1
651ba552,1
c011d64b,1
573ef042,1
a4f1c4ee,1
3db5a6d1,1
f4d9b71f,1
9813c58d,1
611dddaf,1
ef49b917,1
4f9fbaef,1
10af2bce,1
f57ccdbf,1
1a14747d,1
45dbc02f,1
f6984d92,1
82883211,1
ceb19b39,1
8836d5d6,1
a0b0836e,1
19d58971,1
eb39388b,1
908237e2,1
b9e28bca,1
42e85118,1
fe080577,1
15e54b09,1
6655a757,1
026b0637,1
63f59bdf,1
e962e496,1
dce705e3,1
c745c294,1
f74ddb3b,1
a002b615,1
73f91292,1
bd8e7f9a,1
3d99ee14,1
da31ac52,1
ee4e23ba,1
0cbe775c,1
07cb5c3e,1
1723459b,1
e8dd87cb,1
648129a3,1
38240138,1
90ccdf42,1
a519acee,1
593357d9,1
e5495a53,1
ddfd2918,1
5ef20bfa,1
54e4548e,1
07b08b6b,1
a09d35b5,1
84c93faa,1
80204e16,1
630135a5,1
3b069e45,1
0ea24214,1
5ac0740d,1
9ee05bcb,1
2c8db47d,1
117f91c9,1
e8e14b43,1
62dafe1d,1
78025850,1
def21a95,1
ccff1292,1
f1037931,1
ad39cf1f,1
bfa153b6,1
1bb33e58,1
cf2635ac,1
0005d6f3,1
73364093,1
2863f0b7,1
73147bc6,1
b27e6914,1
02a88854,1
a7573cfb,1
246bd7db,1
94951274,1
fb7a9d54,1
37483749,1
270b5e67,1
6b98f58c,1
4d44a9dc,1
2c3f2efb,1
1c4ed4ed,1
fa8f234b,1
92ff019d,1
8a62b4a9,1
ff08e481,1
d93327a0,1
095af2ed,1
e6f88225,1
47453715,1
f41ef334,1
ce3dccdf,1
2d71fd21,1
e7e51cef,1
77eb52b0,1
7d255041,1
1bb6a662,1
d03143d2,1
403465e9,1
238ab5c2,1
bd7b3261,1
c71af7ad,1
7c8a2870,1
749e49a2,1
016f1e3b,1
63a65714,1
1d628211,1
6b481693,1
5ed9eacb,1
eb7829f1,1
1a6d15ce,1
6d42e110,1
0d6da340,1
8ecb9f98,1
ae762a7b,1
f6f3d38c,1
0a476ecb,1
7f4df866,1
9018acbc,1
4ddae956,1
4a7162d5,1
362fd39e,1
f30c75e6,1
4b94d8d5,1
d0965361,1
8aa8ea2c,1
eb01ea2d,1
807fede6,1
232c4d5d,1
09a234ff,1
8879ec7b,1
c82f7f22,1
d1ff9bbc,1
6477b931,1
2a67557d,1
c43b4d79,1
f16fa425,1
17dc53ab,1
3bb8d132,1
8c9813a4,1
f0e99124,1
445414ed,1
385b92c0,1
4a7a23f5,1
986187b3,1
00e70607,1
3b2907d5,1
7463d29e,1
fcfcd11e,1
2fb567a0,1
114eccc9,1
6073780b,1
43dc6306,1
b29d4927,1
fe40fd36,1
d530e15a,1
2c3909f7,1
7dcdfa09,1
2450fb59,1
60b84dfd,1
d56c6007,1
3be7ffab,1
72146a6a,1
5cd98e3d,1
14c11577,1
f34b1339,1
1aecfb9f,1
a958b171,1
c00b70cf,1
87fafb0e,1
4cdbf7f2,1
0f28bd04,1
ab60ef6d,1
7a028197,1
7a02817b,1
e6183e64,1
666d21dd,1
185bd51f,1
b0a7ada6,1
26c4319b,1
ddae1d5a,1
1cb51638,1
71971b09,1
d24a28d1,1
02d91589,1
667c16f6,1
46d9e498,1
babc09a7,1
597ab987,1
cce47d0f,1
196ff569,1
63dcb65b,1
8fd92f5d,1
609fef0b,1
58f798c8,1
7c98594f,1
ccd4490b,1
cdd25d30,1
482c0427,1
eebe2307,1
593189d7,1
75da81e9,1
8c7d5aed,1
924412ea,1
6538cdd1,1
8c30cbbe,1
a1e91122,1
563ecea0,1
e71a47df,1
adc90918,1
6d339a4c,1
4cad3f85,1
dc2d334d,1
a30b9052,1
cf5a777e,1
056ee6d0,1
08bdd3b1,1
41e08894,1
c5f1ef28,1
e3bcfaa2,1
45cfcf8e,1
d5067331,1
15c75223,1
c5fb10ed,1
2796637b,1
10405058,1
a4cb86df,1
f40830d9,1
05330b0b,1
9acb02e7,1
bac8037d,1
e7c14096,1
abbd48f9,1
4de59f07,1
2b4bba84,1
a37041fc,1
89fbb20f,1
2e4c158a,1
35036cb3,1
a5e5bfe8,1
a8cc44f4,1
c8372b08,1
c5373bb8,1
7b7c2203,1
90611e76,1
46114a3d,1
2c58546b,1
e3ae443f,1
9a4e7073,1
821d5507,1
9214b409,1
f1415fa9,1
2f750f70,1
fd52198a,1
7ebe3720,1
38a258d2,1
40377b17,1
c7ddfe18,1
8a5bed10,1
a9be1afa,1
ecd48fcd,1
3f61eb08,1
685ddd04,1
366a854a,1
f07b4909,1
66362346,1
c772aab4,1
39cc2f42,1
0c8bf618,1
ac11a4ee,1
f7f730cc,1
c304dd20,1
71c35f3f,1
a46c6e42,1
539d2626,1
6acb57a0,1
1979cac3,1
bdf0a1b6,1
ebd7e687,1
7951d8d4,1
f5c623a2,1
b3b46487,1
b1d65265,1
9dee7f63,1
02966c58,1
a0d230a9,1
a53726c8,1
848748da,1
4a13bae0,1
58110b2b,1
e776aa6b,1
be02db2c,1
4e5ddf7d,1
276c3bbc,1
b22cd48c,1
37cfb5ce,1
73ab7eb2,1
0725d513,1
01baf68c,1
d21271e8,1
35b60d6d,1
05cf0231,1
c89e8de7,1
280c3ff2,1
4a57b277,1
5d6d680e,1
d6a96f14,1
4e81e63a,1
94faba9a,1
55862369,1
63336684,1
5b213b1c,1
b2a2f13d,1
c12970bf,1
80184d4b,1
23308eff,1
90e55742,1
20916092,1
6e848013,1
36d005a6,1
524d58a4,1
d5de4f5b,1
ed50a787,1
2259f1ff,1
867ff703,1
da38e381,1
008ba640,1
9c0f09cc,1
38b1a6b0,1
5b78c0c1,1
8575e7fb,1
341b8ef1,1
e5931351,1
aff53b01,1
e1ff6f8f,1
c97ca399,1
ee346a01,1
a7f8fefb,1
46b6c97d,1
fdfac931,1
91126945,1
fa7823d3,1
384891d3,1
ec22879f,1
bf7b2e51,1
37275108,1
f3516910,1
1e7b34c6,1
ea1148ff,1
c66ffd44,1
bbbe186c,1
e7c5cb0f,1
edf718b5,1
f7ad0994,1
b93ebf9b,1
2ea9b5ca,1
6e985980,1
3769ef42,1
9032a170,1
6cadae22,1
19037f05,1
359e4a45,1
c9f2b404,1
55e915da,1
48227c74,1
cc2c131d,1
be3ddae2,1
30990ea9,1
32557c0a,1
ffb24180,1
be632ae4,1
44fa509c,1
1af10d6f,1
b7d5ee34,1
95a69d4a,1
cbced95c,1
6bc87c41,1
6a0fa73b,1
f1a9da56,1
f4e9f852,1
2a9ac8eb,1
8fcaf34d,1
b75c8a2b,1
208afacb,1
1a206944,1
fcc45d75,1
5ca83157,1
68fc4c6a,1
2cefb415,1
7d869b91,1
3715e6f1,1
f9e3d47c,1
6da44280,1
7494c7e7,1
0b0413d0,1
0b80b8db,1
a112bc36,1
b25df096,1
422a41f9,1
8bc297c4,1
9a58eb6b,1
ce71b037,1
2202cd2c,1
f92e152c,1
d7d38622,1
e2d5a93a,1
ded731b4,1
827d263e,1
74ba83f8,1
f517280c,1
1dfce3ba,1
3914c6a1,1
afced0c3,1
5a318170,1
67ac4f28,1
e005e7b5,1
7fb179b9,1
88212d99,1
d949116d,1
7f52d940,1
e8a801bf,1
f04b7402,1
8459c7a7,1
8cff1aa1,1
c2b73ebd,1
82617152,1
3761ba66,1
e20e8af0,1
59231f6f,1
4ea73e2b,1
7ac64830,1
011f6543,1
89fc20aa,1
3f46a000,1
19846443,1
d4c37d5a,1
4daf0d30,1
b4e19ba8,1
fff77e11,1
a3a88d7c,1
b9fd9d6e,1
760d3e9d,1
c176097e,1
5d5e98a8,1
448eddb2,1
c0177afe,1
3000da80,1
b4d34d62,1
c4dace4f,1
8c66d388,1
d1ba1329,1
df492343,1
742b2f01,1
a4255aae,1
42e5fca4,1
e154dfba,1
77fd660a,1
0a20ada0,1
35bf0fc0,1
23b19477,1
595a461c,1
0bc07514,1
9f8827e5,1
771e48f9,1
a6a4bc9d,1
396c7b9b,1
a5529703,1
2b3ead3c,1
35d52d36,1
b50af4a2,1
81587270,1
e73282c5,1
6beb03eb,1
d08be85a,1
1193143d,1
a6f719df,1
aea397cd,1
a42f5454,1
ad8a7711,1
eb3b7670,1
b7fa63d4,1
5b8b4c19,1
8e0beebe,1
15628a99,1
ca46e2bd,1
39868deb,1
8766368c,1
eb9a92a1,1
95d65b05,1
a46e8a24,1
30e05318,1
b9bf1421,1
2e85baf1,1
1e0e6b4e,1
b66c5fee,1
f53ffa14,1
f143f549,1
d404f001,1
e1773ff7,1
02487a36,1
0af41ece,1
98366d40,1
f6f19fc8,1
f1d29e1d,1
099e4c17,1
3977c511,1
17090a44,1
19e40adf,1
52d5bc8d,1
f708121b,1
f008715d,1
36b81f59,1
